stampanti,1534
rendenti,1535
unica,2473
semmai,1536
ciao,1537
dovrebbe,405
unici,1538
fesseria,887
nscoprir,1539
sparare,4560
qualsiasi,335
detengono,4586
speculazioni,1540
imbattuta,2067
curiamo,1542
bastata,1602
presenta,1544
forza,274
schifosissima,1545
voluto,1411
sceglie,4592
tweet,496
importante',1547
jackson',2996
minimo,2979
firmato,890
loro,88
popoli,891
popolo,288
comunque,289
pride,1549
pagato,1550
capua,1551
vaso,1552
'intervento,1553
poveraccia,1554
voluti,1555
tolga,1556
dell,132
romain,892
legislatore,1557
approvazione,1559
calcio,1560
superano,1561
possano,893
credono,340
castronerie,1563
quantit,1220
immunodepressa,4141
capirlo,2074
epocale,1565
speculazione,1566
verit,220
spiace,1568
spessore,1569
conclamate,1570
ljoobrv7tm',1571
addormentare,3656
l'impatto,1572
monsanto,1573
profilassi,1574
sconfitta,1575
mzvzpyxe1g,1576
46x3rveiiv',1577
cmq,896
iononcisonomaicascata,897
campione,3673
bill,3658
autorevole,1578
5ykqu58xzn,1579
l'informazione,1580
dispetto,898
l'importanza,1581
iononcisonomaicascato,899
piacevole,1582
270,1583
mortalit,900
farla,1584
vaccino,107
xa6,901
apprese,1586
xf0,36
i5s,1587
inventarci,1588
circolo,1589
tipi,1590
arrecato,1591
nel,69
sottolineato,3149
inermi,1593
tipo,194
nei,133
spiegartelo,1594
ossia,1595
propri,1596
sogno,1597
calendario,902
banche,638
wawosbtlkj',1598
direttamente,2741
espulsioni,1600
culo,839
informate,903
succedendo,1601
riescono,1603
schiera,2608
ivaccinifunzionano,904
informato,905
xksyzbvf33',1605
cagare,1607
atomo,1608
avere,497
sperimentazione',1609
generano,1610
combattere,3154
100,514
lavorano,1614
gli,56
dovuta,1615
valorizza,2070
vaccini'',1616
colpir,1617
militari,1618
k,1619
dovuti,1620
dovuto,906
economici,1621
resto,1622
parlano,498
economico,640
nulla,148
resta,641
della,46
parlamento,1623
attualit,1624
d'opera,1625
terapie,448
schifo,1187
ecche,2617
specifico,1627
frase,336
l'utilit,1629
busser,1630
pregati,1631
attenta,1632
sterminare,1633
svizzero,1634
diversamente,4456
cristianit,1635
43cepfrszk',4228
ministeriale,1638
cmowi5xner',4199
nessun,500
dfagbkohit',1639
dna,908
cialtroni,3504
b'quali,1641
qualunque,1018
coercizione,1643
gialli,1644
piemonte,1645
indolor,1646
negherebbe,1647
eresia,1648
giallo,1649
criminali,643
sembra,406
chicco,1650
gizjvtxaub,1651
biowashball,1652
regolarmente,741
pic,1654
postino,1655
quali,644
allibito,3713
abbiamo,290
90,909
lungo,1657
cani,678
affetta,4369
falsificare,1659
quale,501
me,149
all'autismo,910
slcatelkn0',3335
ma,32
morire,911
grandezza,1661
avremo,1412
1998,1663
''vaccini,1664
sostituito,4168
mi,51
npeccato,1380
era,123
irreversibile,1667
solidi,3701
comunicazione,912
riguardo,502
imbecille,1669
andrebbe,1058
glielo,913
addetto,1670
x99inaccettabilit,1671
india,1672
tattica,1673
nonfiniscequi,1674
pericoli,914
89olx6quev',2073
pericolo,915
carico,916
risoluzione,2094
mancherebbe,1677
cielo,1679
polio,917
stasera,918
calenda,1680
pyq9hexpd2',1681
c'entra,648
soros,407
taverna,179
b'entrambi,1682
vaccinale,226
hov,1683
2ltuluavz5',1684
l'introduzione,1685
legame,1466
invecchiare,3174
disastri,4119
intaccare,1687
p0ssreqgps',1688
regalando,1689
complottismo,1691
parliamone,3796
stefano,1692
mesi,338
diritti,1693
vaccinino,1694
bioscienze,1695
pdf,4466
sorvolano,1696
mese,921
inventori,2375
prende,1698
selezionate,2915
padre,1700
b'cominciano,1702
arrivano,408
voltagabbana,2477
js6ra9lyev,1704
cinque,1705
finalit,1706
danni,393
danno,503
preventivi,1707
operati,1708
nanoparticelle,1709
freghi,1710
xwi9vhw9tg',1711
fregate,922
danneggiano,1712
entrando,1713
cristiana,1714
qlla,3179
xk,2629
donare,1716
determinato,1124
prendete,1718
nostra,409
nostre,923
fermiamo,1719
cascano,1562
nostri,410
vita,250
senatori,1720
vari,504
elena,3182
vite,411
ormai,341
riducono,1722
sorella,1723
innovazione,3183
pharma,438
fncsasom5s',1725
decido,3184
gente,180
",",2
parlamentari,1728
qualcosa,342
montanari,1729
fale,2101
alcuni,343
xtmju7numt',1730
prenderanno,2398
alcune,924
noglobalcompact,1732
intendere,925
dimostrare,1733
occupando,1735
confermato,4342
babies,2102
l'attenzione,1737
funzioni,3630
smentiscono,1738
esempio,457
suzbj9fg3h,4100
gonorrea,2928
molecola,1740
twitt,1741
molecole,1742
stelle',1743
sieropositivi,1744
raccomando,926
prevenibile,1745
nuove,1746
fessibile,1747
radja,1748
dipende,1749
giusti,651
ricordati,1750
giusto,652
suggerire,1751
l'ultima,1752
notizieora,2712
l'ultimo,1753
giusta,653
l,50
chimichee,1754
giuste,1755
twittano,1756
luce,927
internazionale,928
tisane,3906
promossa,3578
voti,1818
dipendendo,1760
tagliarselo,1761
fonte,1762
'ignoranza,344
storpio,1763
poteva,1764
apporto,4314
diano,1765
conferma,637
seriet,929
storpia,1767
dettata,2642
navr,1769
gates,2940
esistono,196
xae',1770
aids,181
b'dott,1771
giuliagrillo,1772
coccolato,1774
capace,2644
network,1777
tolto,1778
vado,506
prosciutto,3188
segnali,1780
nfulvio,1782
pensare,752
tremendi,3398
xultimo,1784
preceduta,1785
x9cnon,655
medicine,1188
zgwlp4exy0',1787
medicina,449
forti,197
xa5tutti,3654
sbzkrvj9v9,1789
foundation,1790
foto,656
sparite,1791
procura',1793
istituzionale,1794
fava,1795
faraonici,1796
associati,1797
cibo,657
b'giusto,1799
standard,1800
accesso,3111
l'eventuale,1802
nl'uomo,930
anziani,1803
demielinizzante,1804
rendono,507
tirocinio,1805
lbhrttweyr',4409
ipocrisia,1806
introduzione,1807
metallica,1808
corvelva,931
b'spot,1809
scolastico,1810
patologie,1192
chiaro,1210
informazione,658
purificazioni,1812
iss,1813
informazioni,1814
comunichi,1815
muore,659
dichiararvi,1816
chiare,1817
biologico,932
accettare,1819
skbzk8sgzr',1820
290,1821
trasporto,1822
moltissime,933
sentivamo,1823
assunzione,1824
esposto,1826
grado,1827
semplicisti,1828
nha,1829
topi,1852
researcher,1831
vittoria,1832
pesanti,660
sicurezza,221
cazzeggi,1833
pratica,934
flagello,1834
radiato,1235
flagelli,1836
radiati,1837
assunzioni,935
l'informazioni,1838
economisti,1840
stufato,1841
hx2zfhya5r',1844
peggio,1376
wpee2ybpvg',4282
movimento,508
lega,414
dipartimento,1846
interessati,4570
fiction,1847
risultati,3694
ragioni,937
meccanico,1848
ragione,251
quinta,938
continuamente,1849
rispondevi,2654
servi,661
doppio,1851
cedim,3178
collaterali,662
virali,4335
sviluppato,4655
campi,2117
quotidiano,940
nsolo,1853
collaterale,1854
requisito,378
scarseggiano,198
responsabilit,1855
avanza,1856
invalidi,1857
ovvero,1196
dell'uomo,2229
piazza,1860
ygcaj6u1w4',1861
mirati,1862
dicevano,2656
biochimica,1863
irrevesibile,1864
mercato,942
sporchi,4648
presto,664
matteo,1865
circola,1866
ltltag7ihv',1867
specifiche,1868
dovremmo,3363
sabato,1870
conformi,1871
cugini,4589
ancora,150
campa,2120
finitela,1874
fisiologia,1585
meteorologi,665
episodio,2121
conforme,1876
inciuci,1877
truffa,1878
legge119,1879
talmente,943
altamente,2456
contenta,1882
rai,1883
vaccini',113
specialisti,1884
discutendo,1885
occupiamo,1886
nostalgico,3971
autobus,1888
cazzaro,1889
tramite,3684
valeva,1890
bigpharma,1282
mamme,2123
greatresearchmadeinitalyaward,1893
pianeta,1895
globale',1896
b'vogliono,1897
altri,228
sprezzo,2676
quartogrado',947
ong,4271
nfirma,1899
l'aspirina,4572
d'accordo,948
x9cquesto,1900
travi,4203
ricorso,2124
realt,814
sconsigliasse,1903
tradire,949
fondo,1904
oltre,396
sugli,4472
aspetto,1906
contribuisco,1801
roma,521
sue,1908
erano,415
agghiacciande,1909
mario,1911
gravi,509
grava,1912
iononcicasco',951
iononcicasco,124
similari,4205
causano,416
avranno,1914
hanno,52
medical,1915
flop,1916
dettaglio,2660
'l,1917
efficacia,953
rivista,1920
lancia,1922
cambia,954
dintorni,1923
vicino,668
svenduti,1924
polemica,1925
cambiato,4474
colori,1926
parecchi,1927
bimbi,291
bimbo,510
sciocchi,1928
coloro,955
sfiorano,1929
accusando,1930
iniziato,1931
documentario,1932
effettivamente,3210
zgud5qbfge,1933
deluso,1934
ee0adpf7c8,1935
iehffvnhs8',1936
impongono,865
l'esposizione,1938
gioia,1940
ricevuta,1943
bambole,1944
meno,322
progresso,669
b'imbecilli,1668
ultimo,4614
sull'uso,1947
inserisci,1948
ricevuto,1949
uscite,417
obbligovaccinale',3213
di,6
questioni,1951
b'fa,1952
de,292
db,1953
beh,4214
firenze,956
migliaia,889
teramo,1954
colossi,2667
infallibile,1956
errori,1957
partecipa,1958
bergamo,4216
intorno,1960
du,1961
dr,418
dollari,2503
contrastare,1963
nperch,957
dicendo,1964
polmonite,1965
microchip,3216
x99entrano,1967
rispetto,511
01zc0ooxcd',1969
stiamo,419
razzismo,958
roulette,4217
democratico,1974
l'invidia,1975
democratica,1976
anzi,293
ordine,252
collegamento,1977
louise,1937
uniscono,1979
bevuti,1980
dell'africa,1981
febbre,1982
particelle,1438
guerra,671
raccontaci,1984
discussione,345
parlasse,960
inquinati,961
attesa,1986
manteniamo,2399
diranno,962
qsto,1988
conosciamo,1989
meet,4484
zaytsev,420
vkh8b9oded,1990
feriti,1991
stampa,1014
msd8g2d4gi',1993
00,199
01,1994
etz1vtwgso',1995
sorta,1996
autistici,3582
bastava,1998
autistico,1487
scientifiche,3739
spese,4372
soluzione,963
x8fse,2002
0',2003
chiama,964
pensieri,1766
giornaloni,2006
dichiarazioni,2007
sapere,346
firmare,965
un'altra,2008
pensiero,2009
abolizione,3207
credo,512
natura,966
vendita,2011
crede,967
scusi,672
folle,1558
casco,764
lavorando,2013
oms,968
metterci,2014
1dossier,2016
neurologici,2017
vsmeningitis,2018
litigare,2019
costretti,969
news,294
npazzia,2020
ridicolo',2021
gratis,1401
queste,421
cos,138
minimo',4224
consiglio,673
questa,103
criminiimmigrati,2022
met,2023
assente,4225
tutt'altro,2025
questo,65
b'gli,2026
questi,114
una,39
'ordine,2810
tolentino,2027
stampando,2028
melinda,2029
coi,970
studio,674
futuri,2030
com,2031
col,513
uno,78
scusate,971
mercurio,200
epidemie,675
ncosa,2032
cascato,2033
obukhanych,2034
durante,347
significato,2035
impianti,3253
evince,4489
farmacotizzare,2036
ekcfhkr3on',2037
conclamataper,2038
portano,972
kpzlmhakfw',2039
somministrati,973
conglomerato,1613
panel,1501
smith,4502
dichiarato,2040
zitta,1939
fra,403
villani,422
interrompere,4590
3shxq7xxww,2045
rinunciato,974
parler,2048
risorse,975
zitto,2049
autocritica,2050
ely,2051
imparare,2053
cesare,2055
fantacalcio,2056
fingete,2243
'onore,2057
rc2dbijmyb',4358
ndeahrnr98,2059
sappiamo,2060
dott,676
scorte,2111
39,3978
inventarsi,2061
t5o2xhlkni',2062
imbattuti,2064
ritenga,3928
autunnale,2065
traendo,2066
efficaci,516
monitorare,1541
160,2069
aprire,977
oc4xzbm4yj,4162
vaccineseurope,2071
sbracciarsi,2072
serrata,3171
sanitario,895
avrei,979
sanitaria,517
risparmierebbe,2075
n,26
assodato,2077
dategli,2078
forse,182
cui,189
emozioni,677
togliere,981
forsi,2079
attraverso,518
batterio,982
delle,66
xabteoria,2080
4cw4zumy1g,2081
provaccini',2082
concetto,499
cane,983
ritorno,642
indietro,1640
costosa,2085
is,2086
faker,2087
tranquilli,976
ii,2088
vaccinali,984
farsa,2089
clhankhiyj',3731
il,15
io,75
in,22
madonna,2093
farsi,647
ogni,171
scrive,2095
b'a,423
promettiamo,2096
bello,985
lavorare,2097
b'e,986
b'i,348
platea,2098
b'l,987
bella,519
mannaggia,2099
metter,4242
riesumato,2100
perfetti,3231
credibili,1736
costosi,2103
x89',520
pianga,2104
nin,989
nio,1773
nil,254
ribadisco,2106
ferocemente,2107
daleggere,2108
distruzione,2109
informatevi,679
passata,2110
evit,1830
darle,2112
passati,2113
passato,424
studi,774
ossimoro,2115
serata,2116
boldrini,939
x99obbligariet,990
ringraziamo,2118
materiale,991
campo,992
ngava,4025
b'potenza,1873
profilattico,1875
dubbi,1445
profilattici,2122
qualit,1892
mamma,666
b'5,2125
b'6,994
'integrazione,950
sd3xscnff4',2126
b'9,2127
the,2128
avrebbero,2129
pubblicit,183
professionale',2130
nlol,2131
paolataverna,2132
dimostra,2690
dall'attuale,2133
x99ha,995
emergenza,2134
kline,3647
mio',2135
emergenze,2136
traditori,4211
preparando,2137
scoperti,1972
diffusione,996
scoperto,2139
opinione,1985
facts,2141
t9zeraghtc',1546
opinioni,522
citato,2142
hai,295
avverse,296
avverso,2144
sfida,2145
pappagallo,998
5s,1275
avversi,999
trasmissione,2147
dovreste,2148
spread,349
sterile,2149
ngrazie',2150
dovremo,2151
massa,3841
cancro,1092
gava,1001
dovresti,2153
lezzi,2154
sanit,223
migliori,2156
x99autismo,4251
fortii,2158
migliore,1002
sanitari,2159
potenziali,2697
ospedalieri,4320
capo,1004
invoco,2160
wrzztbhhfi',2161
documenti,849
ottenuto,2166
opi,2163
4ty7nlkvyg',2165
palermo,1005
l'alluminio,680
specie,1036
miliardi,1394
xa024,2169
terrorismo,2170
terapeutici,4333
postato,2168
potrebbero,1006
50,681
ditte,2172
x99entrino,2809
quant'altro,2173
linea,4137
spiegami,2174
l'hashtag,4610
24jxkvfmbk,2175
parleranno,4257
eticamente,2171
dottoressa,4639
contesto,1007
staff,4298
orlando,2178
corallo,2179
noglobalcompactmigration,2180
chiedono,1564
aziende,2054
facendo,425
azienda,2183
giocarvi,2184
intere,2185
italia2019,2186
battista,2187
privazione,1476
gridare,2189
disinformazione,2190
x99islam,2191
ecodibergamo',1887
for,2193
resistenza,1008
parlo,2194
affermato,1009
globalcompact,2195
denso,2196
vede,1041
sociologi,2198
commenti,1010
foa,2199
delegittimati,1011
vedo,523
totale,2200
delegittimate,1012
strada,2201
vedi,224
poso,2202
preoccupati,1013
aumenta,2203
salvano,2084
aumento,2205
analizzati,2206
xa0',3247
diffamazione,2208
collasso,1236
chimico,2428
vhx4q9mqqc,2211
seminiamo,2212
post,350
rt,2213
dimostrateci,3746
mmr,2215
projected,3393
b'taci,2216
maleducato,3747
d0ankylvsx',2218
pollici,4531
o,59
arrivare,1369
analisi,225
abiti,2222
bisogna,351
giornalisti,1015
emilio,2223
nord,1653
bisogno,201
europea,4249
restata,2225
giornalista,2226
umane,1016
xa0novax,2227
umana,2228
spacciatore,2230
umano,2232
girare,1599
son,1017
rotto,2234
negazionismo,2235
l'istituto,1642
nothingbreakslikeaheart,2236
prendano,2162
accettano,2237
ovvio,2238
letargo,2239
fornisce,2240
accordi,1245
reddito,682
gregge,683
'ue,2242
perso,3232
b28dkot80m,2711
oramai,1019
creduloni',2246
neonati,524
complicazioni,2247
neonato,1517
rihrts7ijh,2249
contesta,2250
giovinazzo,2251
d9rhdgrmj9,3639
criminale,2252
l'intenzione,2253
so',2254
370,2255
giocher,2256
pochissima,2257
starvi,2258
drogato,4189
partito,2259
pressioni,2260
mancanti,2261
scarsit,2262
piccole,2874
droghe,2265
vive,2266
l'opinione,2718
rabbioso,3756
dell'immigrazione,2267
vorrei,685
immediatamente,2268
mischia,4132
contenute,1204
familiare,1022
pagine,2270
6xhqt5322',2271
pagina,1023
francamente,2272
atto,2274
vfovzhdqyp,2275
accise,2276
messaggi,2277
propaganda,426
nno,2279
facevano,1024
bonino,2281
moderne,2282
rifiuti,2283
159,2284
sudati,2285
kwrkkcpt2e,2287
sociale,2402
abbiano,1137
potuto,2290
poteriforti,2291
ripassano,4400
7xwifcyzo9',2292
un'autorit,2890
scherzare,2293
scritto,686
ni,151
arroganti,1734
colpevolezza,2296
tesi,2297
nn,525
no,53
na,1025
disposta,3265
visto,202
ne,89
fasulli,2298
b'nella,1026
malanno,2299
benissimo,526
aiuti,2723
ascoltato,3266
test,687
ns,527
fruttarolo,2301
ditta,2177
terribile,1658
autonomia,2304
benefici,1028
terribili,2305
richiami,1029
eiffel,2306
richiamo,2307
dobbiamo,528
sbaglia,2308
acque,2309
russa,2310
fedeli,1030
acqua,688
avanti,689
x99opinione,2311
picco,227
comportano,1031
jeddah,2313
chiuso,1032
billion,2314
sostenere,2315
societ,1033
quindi,93
assume,2317
cominciamo,2318
promesse,256
tetyana,3754
blocco,690
darne,2320
distanza,4283
indenni,4539
n100,2322
csfh5cm7dr,2323
n1,2324
n2,1034
n3,1035
n4,1182
impatto,2326
zittita,3594
premi,2731
elemosinare,2330
aranzulla,2331
7787rbqu74,2332
foeftp4ebp',2001
bastasse,2334
global,427
fpyzhov0o2,4645
2q2cclb2dk,3705
laura,529
attivano,2337
manager,2338
combinati,1037
per,16
padrino,2339
tribunale,1919
immunitarie,4085
corpo,1039
tribunali,2341
sanno,530
infestarlo,2343
comparivano,2344
zona,2345
evviva,2346
antimorbillo,2347
portare,4288
zone,2349
liceo,3518
stamina,4600
torna,1040
fritta,2352
scarsa,1202
vivi,2353
0,1042
quasi,1043
dnvgfo8zjl,2354
casaccio,2356
coperture,203
soggetti,2725
sostiene,531
30novembre,1044
copertura,532
deleggittimate,1211
provax',2359
totali,2360
qch2ycpedb',2361
anticoncezionali,1045
contemporanea,1046
adi5z6bf94,2363
mar007276,1047
votare,2364
contengono,2365
ipocriti',2366
minuto,2367
anonymous,2368
acquistarli,2369
minacciati,2372
riottosi,4432
'annuncite,3772
sonora,2374
xabprodotti,3943
infatti,261
maggiori,1048
gatti,1049
necessit,2376
ammetterlo,2377
corriamo,2378
wakefield,3648
equivale,4659
mm,1662
teleguidati,4142
pene,3345
'erano,2384
agenzia,2409
controindicazioni,1050
p2hl5ib0pb',2385
mo,2386
continuato,2387
intelligenti,2388
cose,353
apprezzeranno,2389
cosa,70
brava,2390
funziona,1244
bravo,1051
capitalismo,2392
intelligente,533
cosi,534
bravi,2393
iniziare,2394
parleremo,2395
voglio,2146
omicidi,3973
conformi',4151
resteranno,2400
prevista,1256
verificare,692
giustificare,1241
vengo,2403
ubriacate,2204
diluendo,4496
comportando,1052
miserabili',2404
o8d77liz3k',2405
loglishow,2406
dieci,2407
pessima,2408
cos',1053
aghi,2410
eravate,2411
x99utilizzo,2233
b'scienziati,2413
b'grande,2414
agosto,2415
bh,3780
validi,2416
vitali,2417
b'da,2418
convertiti,2419
poluvalenti,2420
'esito,2421
gilet,2422
galileo,2423
moneta,2746
negli,693
passando,2425
x8a',2209
tutelare,694
supereremo,2427
lorenzin',2430
boh,2431
renzi,1055
molto,204
potrebbe,2432
pediatria,2316
bon,4401
p1fnhlmfc6',2435
effetti,354
conversano,1273
populistanoeuro,2437
molta,2438
convintamente,2748
effetto,1147
xiq3ltczd,2441
emerge,2442
enormi,2443
b'mio,2444
santa,3315
italiani,695
portassero,2446
rovescia,1056
italiano,535
lasciati,1057
x9cprincipessa,2447
fake,355
kimike,536
lasciate,2448
crisis,696
market,697
inducono,4671
idiozie,698
positivo,1059
positivi,3786
idiozia,2450
prove,1452
manine,1973
sanofi,3785
sciechimiche,4356
manina,1060
live,1061
scopo,2454
l'appeal,3156
https,13
dell'appello,2455
govrrnativa,2457
msd,537
usati,2458
pres,2459
tecnologico,2460
quei,3983
'esimio,2461
56elcmfhcx',2462
capitolo,2091
iniettati,2465
21bhoynl8d',3237
praticamente,1062
x8e',2466
l'anno,2467
iniettato,1063
venduti,2468
rifiutare,2469
esterno,2470
venduto,1064
magari,538
pidiota,2471
ridurre,539
perplesso,2472
sviluppano,2474
rendere,2475
'analfabeta,2476
ricapitolando,4171
eradicazione,2478
palese,2479
incidenti,2480
ferro,2481
l'obbligo,1065
arrivo,2482
manovra,2483
freevax,1066
roba,2754
mainstream,3922
migranti,242
privo,2486
l'hiv,4486
informandosi,2487
arriva,2488
figura,2489
liberi,2490
figure,1067
imperdonabile',2491
december,1068
chip,2492
acquasanta,2493
libero,3792
infilarseli,2497
l7ocvnawha,2358
ncome,699
bell'ordine,2499
fjabhhzz5n',2786
rovscy4vsi',2500
essermi,2220
scegliere,649
all'informazione,2501
esalta,2502
anestesie,1416
la7,2504
domenico,2505
recenti,2506
ambiente,2855
wnmbj7cobw,2507
magazine,2508
ambigua,2509
1,184
laprevenzionenonhaeta,700
focolaio,2510
pure,299
burioni',2511
anestesia,2512
spiegando,2514
immuni,2515
0obr6muojl',2516
f35,3981
'igienista,701
informa,1071
140,2518
cavie,841
dovr,1072
spot,540
pediatriche,2520
dato,1434
produce,2522
dati,541
genere,1140
mag,4176
adem,2224
mai,98
leva,2525
dove,428
mal,2526
leve,2527
pandora,1880
correlata,2529
nonna,1073
facili,2530
dimenticato,1074
deve,257
nonne,1075
facile,2531
massimi,2532
devi,2533
curass,2534
devo,1076
voce,2535
su,63
tale,702
si,27
so,205
sn,4373
poter,2537
c'era,2539
sa,300
tali,2540
se,43
accadendo,2541
jkpbaktrlq',2542
principio,1077
nl',2759
stabilito,1155
4epeztg38y,2545
forsenofreevax,4652
dimenticate,2546
ermediciinprimalinea,4316
fango,2547
schema,3473
mongering,2938
sfugge,2548
estera,2549
chiamate,2550
squadra,2551
vergogna,622
xa3',1324
servono,172
legge,356
forma,1079
127mil,2554
inserendo,2555
deriva,2556
consigliano,3766
bersi,2557
leggi,488
cuginidicampagna,2559
bocchi,2560
azionisti,2561
ritiene,4259
maio,206
frega,704
ntra,1080
rilegga,2562
fermate,2563
chiesa,542
non,12
noh,2564
noi,222
reazioni,301
<PAD/>,0
killer,543
venire,894
mba,1660
econopoly,2568
aiutano,1082
consulenze,2569
opposta,2570
nomadi,2571
80mila,2572
vaccinegate,4580
vergognoso,2574
finanziata,1083
name,1
papilloma,3144
ribadire,2575
gravidanza,705
nmzgdivrbg,1084
terrore,4087
esami,1500
tirato,2577
curiosit,2578
inventa,2579
suggerisce,4116
nalcuni,2580
entrambi,1085
eh,544
ed,94
indago,2581
caldo,2582
entrambe,2583
urgenza,4324
x99hiv,1086
straniero,2585
6haxnyyhhx',4627
righetti,2587
ex,1087
simpatico,1088
produzione,545
simpatica,1089
giro,429
segno,2589
es,2590
bugiardi,2591
troll,1020
riunione,2593
sivaccini',2594
stiano,2595
trattamenti,2596
strumentalizzata,2597
togliti,2598
l'ho,1090
convegno,886
riuscito,2600
favorevoli,2601
poco,258
all'avanguardia,2602
pericolo',2603
pubblicamente,2604
speciali,3372
internet,1091
lasciata,4024
manipolazione,1093
poca,1094
all'aids,2607
b'un,2609
alfabetizzato,706
e',430
attaccare,2610
spiegarmi,2611
bigghefarma,2241
produttori,707
alfabetizzati,2613
entrare,1095
cari,2614
california,2615
caro,1096
marino,2616
superiore,1626
tua,3879
ore,708
chimiche,99
ora,173
dicendosi,2618
fossero,709
sputato,2619
h1n1,2620
pandemie,1842
imperdonabile,2622
propagandando,2623
b'quelli,4332
ministro,546
vorranno,3392
dispiace,710
ministri,2626
mettano,2627
star,4653
sifilide,4360
ministra,1097
deficienti,2628
pripri,1970
puglia,4050
americana,2631
ricercascientifica,2632
finire,2633
figuriamoci,2634
volete,357
deficiente,2635
lascio,1098
onesti',2636
cigeoq3852',2637
infettive,2638
voto,1099
luxdbvjggp,1757
domopack,1759
fidano,2640
capaci,2641
populistaignorante',1768
parliamo,431
ysuwglupgy',2643
b'cos,1776
zar,2645
danneggiare,2646
onu,711
obbligatori,139
little,2647
richiedete,2648
contrariet,2649
risparmiate,2650
associazioni,2651
raccontare,2652
2,303
savona,2653
xgmnklmf05',1850
petizione,2655
terroristica,2004
rispondeva,2657
insulina,2010
evidentemente,3703
altro,304
investimento,1100
sento,712
way,3292
relatori,3672
that,945
lavora,3012
altre,358
dell'influenza,1101
cosiddetti,952
padoan,305
curarsi,2661
batteriche,2662
x8c',2663
ricca,2783
coerenza',2665
11,1102
10,306
pone,2666
12,548
15,432
svolgere,2434
16,1103
19,2668
sintetico,1781
beppe,4597
comunista,1987
pugnette,2671
ventura,2672
future,2673
ignoranti,2046
sera,713
ignorante,714
ritengo,1104
consultando,2675
favore,433
pre,359
sai,1105
territorio,2677
piccola,1106
scemi',2679
pro,253
adoperando,2681
piccoli,1107
sull,1108
contare,978
preservativo,1110
panzane,2683
sar,259
affari,2684
impegnato,2685
nell'ambiente,2787
pubblicitaria,2687
piazzato,2688
alessandra,4346
probabilmente,2426
x9ci,2691
opportunit,2692
martinelli,2693
l'ambiguit,2694
giovane,2695
cgo84qqsrc',2696
pensavo,1003
noto,2698
noti,1111
basi,3410
sdss7l5m5a,2700
parli,2701
umani,2567
meglio,260
aspirante',2702
decidono,1112
numeri,1113
parla,229
vaccineswork,2703
piaciuto,715
semplicemente,4347
numero,360
svende,2705
vedrete,4440
vdhctkr6zy',4348
bullismo,2543
falli,2707
b'vaccinazioni,3326
diceva,1114
scrivono,2708
successivi,2709
controllati,2710
faccenda,2245
uranio,2248
invasione,2713
sali,2714
sostituzione,2715
menzogne,716
guardatelo,2716
prescrivere,2717
alquanto,1726
x9cscie,2719
5g,2152
dipendenza,2720
sale,2721
penicillina,1115
costituzione,2722
uomini,1027
aiuto,2724
alternanza,1731
fatturaelettronica',2726
consegnare,2727
riscossa,2728
erbe,2729
governa,2730
lavatrice,2328
perch,67
l'incapacit,2336
farcito,2733
grillino,1116
nursetimes,2734
killer',2351
7liedpn4vi,2736
preciso,1117
diventare,2737
insomma,2769
2awe0nh1af',2738
nla,352
umorismo,2739
sbattere,2740
nle,691
aryua9kilv',2742
aggressivi,1118
importanza,1119
campane,2743
nlo,2744
arroganza,2745
dica,1121
governo,152
d82xticq5b,2424
dice,104
sxwlfxopem',2747
dici,717
calate,2439
n8qfmoul5j',2749
provvedimenti,718
dico,435
nocchio,2751
ivan,3745
chopin,2752
cattivi,3524
telefono,1122
presso,2484
sensate,2755
info,3832
h3j1deywxk',2494
montagnier,2757
nell,719
d'urso,3833
chiunque,1125
sostenendo,1126
ssn,436
accettate,4533
televisione,2544
5ughmw6ztr',4005
mondo,230
b'ecco,2760
b'0,2761
incompetenti,2762
lobotomizazzione,2763
dall'aula,2764
prima,115
avendo,1127
110mila,2765
veramente,2800
primo,361
vergognosa,1128
primi,1203
sostanze,3836
pensioni,2768
famiglia,493
nabbiate,2770
giornata,1130
lasciando,2771
contatto,2772
abbate,549
vaccinarsi,337
fqjldx7wcn,2774
bjys5u6isa',2775
pubblica,437
fetali,2776
miseria,2777
3q4aqewdnb,2778
luuo8zckqh,2674
dossier,2780
produrli,2781
riservato,3919
pubblico,1131
sentimenttext,2664
portafoglio,1132
fhghct4jjx',2784
rispettate,2785
honesti,721
pharmatimes,1109
relativo,2686
imparziale,2789
sostituire,2790
legale,2791
meningococco,4359
1819,2793
ridotto,2573
boy,2795
veglione,2796
legali,2797
3,362
proposta,550
sinistre,4266
sedicenti,2799
vanno,723
grazie',2767
l'assenza,2802
mandare,1133
minimizzato,2803
ascoltare,551
stoppare,2804
certificazione,2805
bianco,3882
frammento,2808
rispettabile,2801
comporta,3838
diffondete,2806
maleducazione,2140
punto,363
maggior,850
27,2807
comm,2813
inutili,2814
sirene,552
tuo,307
inutile,1135
come,34
votato,364
attento,2182
destra,1724
eaeyrwjzso',2816
precisazione,4363
bugiardino,2818
22,2819
stima,2811
disponibile,2821
concessione,3963
x99evasione,2822
invidiosi,2823
sopra,3341
s,140
farti,2812
stupido,2827
'industria,1328
stipendi,2829
disposizione,2830
pesaro,1136
mano,724
considero,2832
parere,2833
150,2834
professore,1078
1dicembre,365
droga,2836
l'antibiotico,2837
paolataverna',2838
considera,1548
pole,2840
anti,439
omegatronici,2841
poi,71
polo,2842
piatta',2843
metodi,2844
montato,2845
mezzo,553
siete,100
contrario,554
promiscuit,2846
scarse,2847
ipocriti,2848
contrarie,2849
mignotte,2850
ladroni,2851
nmaledetti,2852
urge,2732
audizione,2853
doversi,2854
tue,1373
epistemologi,2856
austriaco,2857
sparo,2815
sensibilizzazione,3799
freemainrealt,2858
difficolt,2859
fiducia',2860
pronunciata,2861
j2s4gqjdhy',2862
x99hanno,946
rovinati,2864
diagnosi,2865
elvis,2866
protezione,3347
rovinato,2868
ascolto,2869
avevano,2012
hashtag,4
diffusa,2870
juta,2871
andrea,2872
suicidati,1656
dichiarava,4596
case,262
verr,2379
casa,555
scritta,2289
mx62z8lng8,2876
caso,263
dedicato,2820
casi,725
vecchi,2878
bufala,726
argomenti,2879
qyb1guaktw',2880
arricchirsi,2881
argomento,1138
interviste,2882
ilaria,2883
contrapposizione,4378
inventate',2885
soldi,556
brutte,2886
occupati,2887
l'a,2888
complessi,1902
9w5urdmxvb,2889
utili,440
pirla,1666
libeazione,2891
x99omo,2892
x99olio,2893
'educazione,3858
vaccinators,2895
fama,2896
mani,2920
fame,2898
pozzi,2901
paiono,2902
riprovando,2903
medio,1141
condizionatori,727
media,1142
tour,2825
atkfwcvowr',2904
ricercatrice,1143
tutori,2826
portentoso,2907
scienziato,4414
adulti,2908
essenzialmente,2909
g4fnx55lrs',2910
creduto,2911
vivendo,2912
persona,2913
incompetenza,2914
studiato,778
sotto,779
dediti,2916
driver,2917
sull'obbligo,2231
semplificando,2919
chiacchiere,2828
calciatori,4089
raisport,2922
modello,2923
formazione,2753
scevra,3687
igienici,2924
farmaceutiche,207
b'bella,2926
eccesso,2927
costi,441
assenza,2929
componenti,2930
iononcisonomaicascata',2931
modifica,2932
costo,2933
festeggeremo,1145
uaouao,3358
x99autocertificazione,2936
trasparenza,2937
b'stava,2884
taxi,2939
l'italia,720
ciarlatano,3767
xb6,3863
balleelettorali',2942
conflitti,2943
gravissime,3531
minima,2945
ninterviste,2946
gentiloni,2362
personale,1146
proclamati,4445
danneggino,2949
distruggesse,2950
elettori,557
reso,2951
derivanti,2952
esprimo,4650
prerogativa,2953
tuoi,2954
guardate,2167
scelta,558
invasivi,2083
perdere,1149
b'realizzo,2956
quella,165
ritrover,2302
quelle,559
\?,17
quelli,231
presuppone,1286
quello,116
rosa,2959
sugnkqoopk',2960
nnonna,4149
blog,728
b'tra,4071
4,729
nl0velxu9o',2961
kxyi0lke91',2962
verso,1150
reach,3498
x3jmf4qo9e,2963
ammissioni,2964
caduti,2965
\(,47
\),42
ami,2966
5arxs26xfz,2968
quartiere,3349
rasta,2970
x8f',1232
mor,3681
rompi,2971
x99abbiamo,1151
ricerca,442
inferiore,2972
dite,738
tanti,1152
l'incassabile,2974
pazze,2975
afrkm2wxv2,2976
informare,2977
tanto,232
all'efficacia,1872
xkddvlrzxx',2839
tante,1153
dare,731
speravo,2980
fortuna,1154
ic4f6oqq81',4391
discorso,732
acuta,2982
conosco,561
sanita,1156
all'estero,2983
conosce,1326
dall'uranio,2985
proprie,2986
t,10
sospendere,1329
pazzo,2988
proprio,264
storielle,2989
comblotto,2990
autostrade,4585
wbwkrpeapg,2991
casaleggio,2992
npunto,3251
riprovano,2994
nbgnbmxnqb,2995
b'picco,1341
tessere,733
sentire,1267
acquistare,2999
mattarella,3000
86y6bbevvx',3001
abbracciando,3872
impreparazione,3002
guadagnare,3167
informatori,3003
id,919
aggiunge,3004
teorie,3005
xa1',3007
teoria,734
rapporto,1157
cittadino,3008
lotte,3009
insieme,562
lotta,735
cittadini,1158
nipoti,1159
tiriguarda',3010
vubojbn18m',3011
introdotto,2536
veneto,1316
carenza,736
passione,3014
deficit,3015
stanchi,3016
sostegnoreddito,4536
scaricando,3017
c'entrano,563
dell'italia,1160
sarebbe,308
sostegno,564
audizioni,565
verifichiamo,3018
francia,1161
tv6,3019
complesso',3020
incassato,1992
toninelli,1162
populisti,3022
1930,4101
secondo,566
devastanti,3024
nma,737
neoallarmismo,4566
durata,2605
seconda,739
ansia,3026
luoghi,1163
chissenefrega,3027
l'uso,3028
on,1164
contagi,3029
ok,3030
flessibile,3031
trasmette,3032
usano,3033
entrate,3034
complotto,740
estinguersi,2658
monologo,4558
corda,3037
avanzamento,3038
vidoccrbfn,3039
indifferenziata,3040
sviluppare,3373
bombardati,3042
lrcovnfil4',3043
sognato,3044
fhrismu1f9',3045
consolidate,3046
condanna,3047
l'ingiustizia,2371
cara,3049
venuti,3050
organici,3051
testimonianza,742
costrizione,3052
potranno,1165
gabana,3273
b'io,3053
b'il,567
artur,3054
fondato,3055
ipocrita,2221
rossi,1167
x99italia,3058
stare,443
riferisco,3059
corriere,1168
misura,4455
risposta,568
premio,3061
ricondotte,3062
nstranamente,3063
prepari,3064
medicina',3066
preparati,3068
starete,3069
italia,309
venendo,1690
preparato,1169
dall'italia,3070
geologi,1717
b'beh,3071
completa,3072
nsperavo,3073
intervengo,3074
speranza,1170
reazioniavverse,743
b'assassinato,3075
botte,3076
rientrerebbero,3077
completo,1171
corso,1172
malasanit,1173
luogo,3078
unburioniqualsiasi',3079
votate,3080
contano,3081
qwtr41jnd9,3082
niente,367
castelli,233
card,3084
vergognatevi,1461
notap,3086
iurrhodont',3087
pacman,3088
aggiuntivo,3089
nazifascisti,3724
inxco7jcje,2935
comici,3091
idiotevo',2119
industria,3094
s3xprdyqdz,3095
lastragesilenziosa,3096
x99attale,3380
aiutare,3097
nasce,3098
spendo,3099
hw398dtnax',3100
interessa,1176
l'argomento,3101
ad,84
scarpe',3102
volevo,3103
ai,60
ah,444
risparmiare,3104
politica,265
al,40
b'incredibile,3105
eccipienti,3106
as,3107
fsn,3109
nero,1177
permetterci,3383
importazione,3110
ligienista,569
film,745
pesticidi,2863
q97rn1jrsj',3114
skaix0197t',3115
affatto,3116
dl7pfnxhoz',3118
attiva,3119
bloccato,3120
5,153
tornato,3121
raccontarla,3122
you,3123
salvavita,1881
tornati,3124
maschera,3506
vaccinata,746
obbligo,234
vaccinate,747
vaccinati,368
'italia,1179
miriam,748
l'abuso,3126
vaccinato,1180
prossimo,3893
scrivesse,3702
sulla,85
ansa,3127
sulle,749
denunciate,3128
burioniani,3129
mente,1181
braccetto,3130
potabilizzazione,3131
remoti,3132
nucleo,2325
meninigite,4616
pesi,2773
disagiato,1894
requisition,1183
ukw8ar3xvt',3135
famosa,3137
potente,3138
patto,3608
trasmesso,3139
messa,3140
dimenticare,3558
all,369
influenza,310
figli,125
influenze,3141
messi,1184
nuovi,375
alluminio,3142
pensato,750
messo,570
'epoca,3143
bitmmkhij9',1420
meningite,751
ridicolo,3146
dimagranti,3147
proteggere,1185
po',3148
x94,571
ncazzo,1592
fiducia,446
fa',3150
nditemi,3151
numerosi,3152
riconoscere,3153
ritenuta,1612
morganr,3155
antivax,639
forte,1783
tv,447
chiarezza,2873
controllare,1186
tu,170
numerose,907
convenienza,3158
l'audizione,3159
to,3161
nora,3162
lavoro,208
lavori,3163
tjri0ztwvv,3164
ti,95
malissimo,3165
te,185
bufalaro,1910
rivolge,1330
uqa22x8pib,3168
finta,3169
nemico,3170
wmmfy8fspz',1675
5lire,3172
nemici,3173
far,266
lanciando,1686
tipologia,3399
cinquantina,3176
dell'ordine,2875
induce,3177
sono,23
vera,753
esistano,1786
fai,339
vere,754
bevo,1715
veri,3180
fissati,3181
relazione,1721
sconosciuto,2897
prendi,1727
vero,267
nprocesso,4617
gerardo,4330
creando,3185
premettere,3186
semplicissimo,1788
bhbk5wsqs7',3187
scientificamente,1189
giornalaio,4574
corrotta,1779
sane,3189
dwj2ivckpp',3190
sana,1190
sano,2092
corrotti,1191
programma,413
esatto,3192
ecco,1193
sani,572
prodotte,3193
ospedali,755
tpnp9bqsu,3194
dell'euro,1194
poletti,3196
maggio,3197
sicuro,371
provax,1195
sicuri,268
infedele,3198
ospedale,663
padrone,3108
accennato,3201
multe,3202
teologia,4390
pacchetto,3402
direi,756
abbastanza,757
provai,1898
contenevano,3205
assai,3206
all'obbligatoriet,3281
shaaria,1197
abc,3208
sua,269
fondelli,1636
suo,235
sul,126
sui,41
18,2669
zeppi,3211
palestra,3212
genocidio,1950
assecondate,3214
sacrosante,1966
cn,4388
servirebbe,4431
nquesto,3218
rimanere,3083
bellissimo,1665
aacxcqsmtz',3219
interessi,3220
vale,175
estrattiva,3221
determinabili,3222
seguito,450
minor,3223
sanremo,3224
signora,3225
filantropo,3908
b'riparte,2043
medico,105
medici,112
mitico,3229
ricercatore,1199
conto,574
medica,759
collegava,3230
scemate,2396
stelle,311
poche,2105
social,760
mila,2340
pochi,1200
mettetevi,3234
avendovi,3235
gestione,3236
salvare,1201
via,575
ipotesi,761
siti,1942
xussq25daq',3238
settembre,3239
africa,451
infetto,4436
primis,3241
puoi,3852
accada,3243
qualche,762
00zil,3244
corte,3245
scemenze,3246
ve,4437
tutto,96
appello,2207
colonnello,3248
sbarco,3204
mantenevate,3431
tutti,64
coalizzate,1941
tutte,236
b'vi,2900
10mila,3252
tutta,297
conseguenza,3254
un'infezione,3255
pediatra,763
conseguenze,3256
partita,3257
6,576
glaxo,237
riflette,2164
pediatri,3260
partiti,1206
percentuale,1207
permanente,3261
3igfdwrd98,4267
xb3pino,3913
mercurio'',3264
vbpm2cbyos',3215
antibiotici,1208
aezzaygz9c,2300
antiretrovirali,1209
deleggittimato,3267
accetti,3268
antibiotico,3269
pinzillacchere,3271
investite,1811
tradito,765
b'va,3228
gjw9nr4yrg',3274
guarda,452
cazzate,270
completata,3275
contagiare,3276
passare,3277
muori,3278
preferiscono,3209
dei,29
encefalopatia,4442
del,38
roasilejua',3280
tabella,1775
amche,3282
naiuchtom8,3283
male,127
sociali,1212
limitato,3284
l'unica,1213
compiute,4444
ponte,3286
incommensurabili,3287
cortese,3288
eviterebbero,3289
tuttiascuola,3166
'osservatorio,2382
vedr,2192
morti,141
xae,4624
morto,1214
palesa,3293
debened,1567
morta,3295
senso,766
morte,577
sieronegativi,3497
!,19
causato,767
all'obbligo,4448
causati,3297
scontro,2538
causate,768
fondamentali,3300
influencer,3301
ritardo,1215
pterodattilo',3302
piangere,3304
fondamentale,578
l'uomo,769
mancato,3305
capisco,3306
rovinare,3307
fu,3308
viene,372
raggiungere,2599
sveglia,3310
wmigvxt5k,3311
ke1ibu82fw,3312
mancata,3313
jwfrpvcylx',3314
oppure,3868
fa,106
fb,3316
sacchetti,4478
migrazioni,3317
nocoercizioni,2630
sistema,579
migrazione,3318
notifichee,3319
efjedquzfe',3926
'esplosione,1217
sistemi,1218
a,18
crescere,3320
provare,1219
essere,101
g7csdwyznr',3321
worldaidsday,770
eventi,3322
dentro,312
preconfezionate,3323
disintossicarsi,3324
lgbt,3325
dell'obbligo,1221
grande,453
grandi,434
strimpellatori,4258
ilva,580
educom,454
provocando,1222
garavaglia,3327
civile,1223
eroi,1224
pqvfgptefq',4131
tavoli,3930
torner,3329
cardiochirurgia,4662
ita,3330
2qvpwux1l1',3332
contante,3333
continuare,654
svela,1225
kjapstpsvw',3336
l'essere,3337
lqxovm23q7,3338
24,1226
25,3339
alle,142
chiedete,1227
20,771
21,3340
alla,54
23,1228
pronto,2824
l'esclusione,3342
pronti,1229
l'epatite,3343
resort,3344
lontane,3092
chiederei,3346
esdyi9xair,2519
pena,772
veterinario,2867
corruzione',3348
veterinaria,2659
riportati,3350
lati,3351
ipotetici,3352
cialtroni',3353
comune,3354
b'per,1230
idolo,3355
b'oggi,1231
finiti,4453
comuni,3356
ajd6kw27fa,3433
l'esistenza,3357
dio,773
complottista,3262
inventati,3359
lrqcd1gjys,3360
accomodi,3361
l'appetito,2944
odio,3362
vecchia,775
aojrkun4jh',3364
abolire,730
epoca,3365
anzich,3366
brennero,2792
spiegato,3368
crollano,3369
decidere,1233
scrivere,776
critic,4028
porta,777
proposito,313
'risoluto',3370
pazienti,1234
lusso,1835
presentato,3371
presentati,3036
occasione,3041
intimidazione,3374
michael,3375
ops,3376
globalismo,3377
burioni,72
nocive,3378
nwpeppe,3379
bugie,3697
occuperei,3145
giudicato,3381
argomentazioni,3382
l'effetto,2794
nocivi,3117
applicato,3385
realizzer,3386
buona,373
glialtrisiamonoi,3387
astinenza,3388
giulietta,3389
nuova,455
clandestini,1237
significa,456
deceduto,3390
vediamo,3391
spezza,2877
nuovo,374
persone,174
suoi,370
leggerlo,2188
negligenza,2327
povera,3441
poich,3396
attanaglia,1699
circonda,2682
dell'incontro,2303
7,376
bacheche,3175
piatta,209
salute,79
hy19cosxpi,3401
mago,2552
pillola,3403
ky7lkrqhjr,3404
fretta,1238
sotituire,3405
insegnargli,3406
manco,758
ritenete,3227
xdtuv6hovj',3409
base,1239
dire,186
mmg,1240
comunicare,1388
pur,781
asl,3259
ferire,3411
vardipuntata,2699
sempre',3413
dell'inoculazione,3414
nome,581
consultivo,3415
sentono,3416
voluminosa,3417
creaturine,3418
applica,3419
b'questa,4201
b'almeno,2076
npiano,3939
top,3422
debba,1242
s1ir64zos1,3423
cresciuti,3424
2hqaezowag',3425
deletefacebook,3426
o0ycietnde',3427
epidemiologiche,3428
commercio,2278
visione,3430
minchiate,1676
potabile,3432
nsiamo,2041
monodose,3434
carissimo,3435
povero,3436
cade,1437
povere,3439
riferisse,3440
profitto,3395
nc',3400
koi,3443
imporli,2899
l'acqua,4150
sigg,3445
kon,271
forzate,2063
l'efficacia,1243
merda,3447
raccomandano,2391
vicenda,782
sigh,2370
aver,377
piccolo,2680
aiutarli,3451
emoderivati,1845
contro,91
gufata,3452
pare,582
risultanze,3453
economiche,1246
'disinteressato',3454
segui,1247
un'illusione,3455
schemi,3450
rialzarsi,1955
norme,3457
nci,1248
pagliacci',3458
timbro,3459
b'probabilmente,3460
scongiurare,3461
5pdck1fjrj,3462
spiegare,3463
regole,3464
nce,783
regola,784
somministrare,1637
b,55
contrari,1249
sta,143
illegale,3466
ottenere,1250
favorire,3467
sto,314
sti,1968
oltreche,3469
2024,1251
mentito,795
tossico,1252
tossici,3470
rischi,785
complimento,3471
dall'economia,2042
seriamente,2383
aifa,2934
musso,3474
instillano,3475
posizione,3476
novax,187
riposti,4429
bhe,3477
tetto,3478
smentire,2463
governodelcambiamentoinpeggio,3480
perri,3397
x99opposizione,3481
provenite,2329
berlusc,1798
pieni,583
governodelcambiamento,786
faccio,787
scorciatoia,3484
gzozgdgrwe',3485
zero,3200
adesso,272
invece,238
intanto,3771
vaiolo,3487
tollerate,3488
benevento,1530
faccia,584
conoscete,1254
biodionamico,3490
quattro,3491
macchie,3492
fresca,3493
drasticamente,3494
x99urso,3495
770,3496
dannosi,1255
insegnanti,2998
addio',2401
moglie,3456
essa,1257
contribuenti,3499
virus,188
mcrblvzyqo',3500
impegno,3501
70,3502
essi,3503
arrossamenti,4633
ayt2zp4llq,2429
aiutarci,941
oprla63ju8',3505
molti,2433
ke,788
missione,2905
micidiali,3507
scabbia,1258
'intascarsi,3508
validit,3509
salari,1259
exp,3511
guardare,1260
seguenti,3512
commentare,3513
scaldarci,3514
fosse,458
ripetono,3515
debellato,3516
certe,2921
nessuno,164
certa,1261
giocare,825
certo,134
nessuna,1262
delegittimare,3303
certi,3521
carne,3522
dannidavaccino,1129
captare,2513
fino,1263
x99estremizzazione,3525
morirono,3526
l'elefante,3527
inquinanti,827
favole,3528
ignoranza,379
commissione,789
idiota,3529
manifestata,3530
provincia,790
copyright,3532
idioti,744
appurato,3535
tentativo,3865
quel,791
generatori,3537
'obbligo,3538
ndefinire,3539
competenza,3540
8,1264
affermano,3541
apexsabaob',2706
b'boom,2947
medicinale,1266
chissene,3543
vaccinare,323
hiv,210
bambina,3545
bambino,792
abbandonati,2788
pistoia,3547
bambini,90
amici,3548
dojgelvfek',3549
amico,3550
all'essere,3551
aggiornato,1175
difese,3553
zc3okocdxc',3554
ambiti,2280
epatite,3556
ambito,1174
pane,3334
4231,2957
confonderli,3559
yjqkbqp3fi',3560
nqbzk22yqr',3468
m5s,316
amkcg61qlp',2138
ridata,3563
maniera,1269
contribuire,3565
ocamsclv6w',3136
distribuzione,1270
autisti,1739
b'coerenza,3569
porteranno,3570
alimentazione,3571
fregacazzi,3572
x,117
3d,3573
spiega,3574
religiose,3575
giulivi,3576
progetti,3577
progetto,3060
dall',843
importato,3579
sirjpqxqvo',4485
produrre,793
controlli,3580
controllo,1272
eppure,794
cattaneo,3581
sec,2941
migration,4227
24g469sgml',3583
alfabetizzazione,1274
sareste,2412
islamici,4619
incremento,3233
sei,154
prevenzione,459
n22,3584
veleni,3585
vgoocsipmb,3586
wow,3587
abbia,3588
etbppkv8pv,3589
diventati,1276
lesi,4495
donato,3590
vitamine,3591
mettendo,3592
deflagrare,3593
dovrebbero,852
cucciolo,3442
pd',3595
w3vunysdxw',3596
prendere,1277
solo,68
dalla,128
europa,317
b'2018,1310
soli,318
scemi,3598
impegnati,1278
x99igienista,624
washball,3600
sola,460
descritta,3601
allarme,1279
necessario,3602
nchi,3603
insegnare,3472
nche,796
sprar,3604
necessaria,3605
marilyn,3606
trionfo,461
troppa,1280
natale,1281
c,211
x88',2286
troppe,1283
mega,3607
troppi,585
ammazzano,3272
vabb,4500
consapevolezza,3610
troppo,462
patti,3611
colpo,3612
domandarle,3613
b'vaccini,144
x99importanza,3934
diversificato,1285
colpa,176
lanestesie,3614
occultati,2831
comunicatori,3616
postate,3617
dall'africa,3618
storia,670
aborto,2958
successo,586
globale,1287
vorrebbe,3620
simple,3621
interessanti,1178
contento,3623
5chnshexvw,3624
carlo,3949
iscrizioni,1543
indipendenti,3626
batteri,797
contenti,2588
inocularci,3628
inquinamento,3629
lascienza,1288
creato,1289
ps,1290
marginali,3631
iperventilando,3632
creati,3633
pu,129
create,3634
mettici,3635
all'interno,3636
due,319
riscaldamento,3637
pc,3638
applicando,4504
ottobre,4669
pd,636
frutta,1343
xaa,3641
xac,83
meeting,3642
po,798
jp26l6y7ie',3643
indagava,3644
asini,3645
grillo,273
gay,3646
racconta,1291
somministrazione,1511
oozijf3lgt,4506
dramma,1292
b'simona,1604
abruzzo,3649
vuoi,1294
neppure,1295
vuol,799
demand,3650
renovatio21,888
menomazioni,3651
xa8,20
xa9,62
kalergy,3652
calando,3653
pagati,1265
soddisfazione,3655
xa0,28
xa1,3657
xa2,587
xa3,193
xa4,145
xa5,3659
destinati,1296
insostenibile,3660
chiedi,3661
kalergi,800
sopravvissuto,3479
chiedo,3662
prodotti,588
tutela,801
tutele,2586
spaziale,4185
igiene,3664
manifestare,3665
darsi,1297
scorso,1298
jbqb4ukflg,3666
svilupparsi,3667
voi,130
spiegazione,3668
x8a,3670
cento,3671
x8f,239
x8e,646
x8d,589
segue,3482
preso,4508
34,1299
ultima,4611
nrq6k0tcib',3674
importa,3483
xa6',1300
vogliono,802
2pesi2misure,3676
scientifica,412
gialloverde,463
peggiori,1302
potendosi,3677
caramelle,2906
dittatura,3680
basta,212
9,3682
x99ignoranza,803
governativa',3683
marcello,2058
peggiore,3685
livia,4510
basti,3686
sicurissimi,804
x82,166
x81,959
x80,31
x87,1303
bonifici,3688
x84,1304
ceppi,3679
x89,590
x88,135
pallone,3690
consumatori,3691
censure,3692
argine,3693
molte,1268
esperienze,2052
fatto,80
registrato,3696
fatti,275
mw68ehe82k',2436
fatte,1305
giorni,805
giorno,806
fatta,807
euro,591
mitomani,3698
elettrosmog,2973
arriveranno,3699
x82',592
tratta,809
manchino,2621
all'opposizione,1869
cazzari,2244
individui,1419
sacco,1306
entro,1307
testa,4514
perleprovax,1308
elettorato,1918
y,593
gsk,1309
debito,3989
battuta,3994
andare,667
arcobaleno,1311
buono,3394
questione,213
limitando,3706
stessa,320
innocente,3707
assolutamente,1312
stesse,3708
m4ae410hso,3489
salva,1313
stessi,810
cervello,594
stesso,595
gavi,3709
permesso,2978
polivalente,3712
determinate,2735
x9cfarli,596
polivalenti,3714
privato,3990
mangiare,3716
priorit,3718
aso04dy9hs,3719
avviare,3720
revoca,3721
incapacit,1314
k8uvb8lrha',3722
epidemiologico,3723
parenti,811
comportamenti,1315
difficile,464
distratto,3725
parents,3726
consentire,3727
trovato,812
b'nt,3728
rischio,597
trovate,1317
concertazione,2181
rimedi,980
'insegnamento,3730
capire,214
australia,2090
big,465
continuiamo,1301
scoprono,3732
criteri,3733
cieco,3734
notte,1318
ndeve,3735
corruzione,1319
globalizzazione,3736
amare,3737
muscolo,1320
consigli,1321
morale,1322
facciamo,466
d,3738
registrati,3695
qua,4156
assortite,3740
donne,3741
jmm916vbab',3742
manetenete,3743
donna,3744
continua,467
statistiche,2210
continuo,1323
cronaca,2214
l'appoggio,2217
campagna,276
capitale,3748
continui,3750
senato,1325
b',81
dannoso,3752
sciocchezza,3753
rosatellum,3689
x9cnel,3999
b'chiamiamola,2984
immunologia,3755
economia,684
resistenze,4450
babbi,3757
gourlay,3758
pomodori,2295
scambio,3760
figlio,277
xijs4zgsdl',3761
vol,3762
b'informare,3763
capodanno,167
scala,3764
piombo,3765
figlia,468
anno,321
dell'anno,2350
indagine,3768
inoculata,2143
anni,155
pubblicita,3770
fuori,298
prof,215
insofferenza',2373
gratuiti,3773
trattati,3774
x99idiozia,1327
correlazione,3717
be,3776
wunqsig6ks',3777
ndiciamo,2397
propria,2987
rebalta,3778
idonei,3779
nella,380
inorridite,3675
nelle,146
considerare,3781
vaccini,3
prova,3782
ddl770,111
iniettare,2445
nhttps,118
santo,1331
2ghx846y0b',3783
vaccina,469
perseguire,3784
gioco,2453
by,1332
vaccine,1333
77,1334
toglie,3787
libera,1335
usa,4004
classico,3789
nbusiness,3790
l'efficienza,2451
subisce,2495
rendete,1336
kx9hzottcx,2452
cairo,3793
cece,3794
gatekeeping,3795
libert,240
esploder,3270
prenatale,3797
massimo,1337
fantasia,3798
ryfq3b71tq,1907
consapevoli,3800
anticorpi,816
nsi,3801
rottamazioni,3802
frutto,3803
allora,817
denuncia,3805
nso,3806
cittadinanza,1338
abusive,3807
esiste,470
nse,2969
terrapiattisti,1339
nero',3809
tappeto,3811
dimostrato,2197
un'invenzione,3812
coerenza,471
studiaste,3813
richiamati,3814
chiesto,1340
occupi,3815
polemiche,3816
degli,241
x99efficacia,1697
semplice,818
l'immunit,3817
infrastrutture,3818
occupa,3819
semplici,3820
decine,3821
avremmo,819
beppiniello,3822
statistica,1342
inalato,3823
smaltimento,3824
fattispecie,3825
fluido,3013
alcolismo,3826
abituati,4092
ndell'immunit,4221
invita,3827
laprevenzionenonhaet,1344
intellettuale,3828
raccomandati,3829
cartelli,3830
link,820
seria,1345
pericolosit,3831
coscienza,1346
serio,821
aumentare,278
incredibile,1347
malati,2756
b'accipicchia,3429
cia,2758
colleghi,3834
malato,1348
malata,3835
cio,2779
paola,381
up,1350
ribadiamolo,822
preoccupare,3557
mobile,3837
un,25
valore,1351
cit,1134
ue,1352
etnica,2015
conferenza,4014
silvereconomy,3842
cinquestelle,3331
microorganismi,3844
auguri,2553
9wm9xqgysh,3846
riferimento,3847
agisce,3848
all'invasione,3849
etichettati,3850
facoltative,4545
sottile,3853
struttura,3854
cure,1353
inoltre,3855
ltc2gxxzyp',3856
imposte,1354
cura,382
caff,3857
diverso,2894
imposti,823
sradicare,3859
medioevo,4547
moriva,1355
diversi,1356
facebook,1357
materia,1358
xb9,57
xb8,1359
vissuto,3861
motivi,4548
scannare,2464
water,3864
xb0,625
nal,3533
xb2,86
portati,3561
discreto,3412
dm,3619
portato,3869
sull'immunit,3870
venga,3871
ridere,1417
risarcimento,4563
compagnia,1284
merlino,3873
dall,599
reazioneavversagrave,3874
aveva,824
dottore,1497
vivace,3875
iononusoilcervelloedhosempreabboccatoatutto,3876
dall'euro,3877
condividete,3878
problemi,383
bastardipd,2967
x99epoca,3880
''perch,3881
problema,366
jjvq89gj2v',3883
questi',4640
e,7
regionale,722
urgente,1361
giletsjaunes,3884
regionali,3885
restare,4066
sve,3886
youtube,473
sostenuto,3887
terremoti,3888
compilata,3889
servizi,3890
lfc1h1sumb',3891
vwnedgh0ke,3892
x99obbligo,600
prossima,1362
b'burioni,598
2008,3894
dover,3895
xba,1363
prossimi,3896
xbb,474
x90,3897
x91,384
x92,601
x93,1364
sperimentazione,392
considerazione,1365
x96,3899
x98,58
x99,156
saudita,3900
leggete,3901
atteggiamenti,3517
brochure,4018
iscritti,4279
vuole,602
fogli,3903
rifiutano,3904
sensazione,3367
infame,4020
gi,76
compact,573
pericolosa,3907
senn,3226
pericolose,3909
vaccinazioni,279
decenni,1366
pericolosi,603
vaccinazione,280
aria,1962
esistenti,3910
pericoloso,1367
riuscire,3911
spesso,475
contestava,1368
cognizione,3912
hqr5jxro1h',3263
noobblighi,3258
cappellino,3914
affettuoso,3915
lilly,3916
onesti,1370
provocato,3917
fakenews,1371
giustamente,4555
escluso,3920
x99unica,3921
esclusi,3296
nomine,1758
ddl,3924
schizzati,3925
rispondere,3520
studiate,2918
yxfubljrcq',3203
x9c,3627
x9d,136
vicina,3929
x9f,37
dando,3328
njnaaxdrrl',3931
malattia,476
malattie,190
discussioni,4178
n263w9wsrz,3523
tra,137
inutili',4568
tre,1374
possono,157
x99',3932
gherardi,1375
barbari,3933
spazio,1377
nebuloso,4026
farmacovigilanza,780
trollazza,3935
barbara,3936
'ordinare',4027
crescita,3938
nvaccini,3421
mastandrea,3940
esserci,3941
cuccioli,3942
foraggiano,2798
argomentare,826
dibattito,1378
darovbf7n8',3944
garantire,3945
comodamente,3946
vacciniamoci,3947
video,385
mutui,1379
volere,3948
appena,604
mussolini,3486
wzx6rz70tj',3950
dritto,4029
saccenza,3952
business,386
imposizione,4030
firma,3954
fine,315
giustizia,3955
espresso,3956
mille,4252
access,1381
500,3957
onest,1382
veccini,3250
sistematicamente,3959
nay8fqqbc0',3960
nhai,3961
letto,387
6tnwtdrlox',3962
susanna,1628
ripeto,1383
lea,3964
worldaidsday',3966
twitter',3967
lei,73
polveri,1384
canale,828
protagonista',4364
jmzjthnfqr',3968
quell,3969
filosofo,3970
l'invito,3021
inducano,2485
pediatrico,3972
x9cmanufactured,830
eyjiwvtzti,2449
politici,3974
'altra,3975
dirittiumani,3976
ebkuzzxhtr',2047
scienze,1293
x99influenza,1385
scienza,108
b'mi,1386
82jkubopvi',3979
30,388
ruolo,3980
35,3982
b'ma,831
pretendono,3534
emuli,3678
addirittura,1678
scambiano,1387
immigrati,605
introdurre,3986
c2bths7owx,3987
ammirevole,3408
bugia,3988
migliorare,3279
qualcuno,606
mentre,389
vola,3715
ilni8xvwwn',4567
ringrazio,3992
varicella,3993
privata,3729
cantanti,3995
battute,3996
stipendiati,3997
normale,3125
poveri,3437
suddiviso,3025
b'lanciano,4000
stipendiata,4001
sottoporre,4529
lnuyqo0fkq',4002
presidente,1389
somministrarono,4003
dicono,390
che,9
orgogliosa,3788
esprimere,1205
uso,815
chi,77
accordata,4661
prematuri',4007
distruggere,4008
usi,4009
nobel,1390
ministero,391
progressi,1945
altrimenti,1391
trichomonas,4010
antipolio,1392
hkelhv1z40',4011
capra,4012
c'erano,1372
affidabilit,4013
volont,920
proteggono,2294
x3lafnmone',3704
eliminarle,1946
pqj4egpjkk',4016
x99avv,4017
dentista,1395
professor,3965
trasformandosi,4019
farebbe,3905
l'inps,4021
sangue,832
superpoteri,4022
danneggiati,833
uscir,3564
f,834
tunnel,1396
esecutivo,3299
ride,3937
devono,281
purtroppo,477
evita,2498
insisto,3951
governodelpeggioramento,3953
caxxo,4031
palle,1397
esattamente,1398
czju6yii4n,4032
ritrovo,4033
reputabili,4034
riassumendo,4035
czttpfmtre,4036
coatte,4037
animali,835
ballo,4038
tav,1399
nquanti,1400
tap,608
irreprensibili,4039
cospargendo,4040
dichiarare,4041
chiss,609
frottole,3544
bene,131
scelleratezza,3035
chiaramente,4042
appr',4043
finanza,4044
l'ennesimo,4045
trasmettere,836
salvini,394
rdc,3985
sip,837
possibile,515
tecniche,4047
immunitaria,4048
torino,4049
laziale,1038
pensano,1403
africani,3199
sia,147
regalo,1070
sperimentazioni,4052
poteri,216
sconfisse,4297
difterite,4053
qtnftdyn9x',4054
africane,1404
feti,4055
sottrarre,4056
fare,74
ammetto,4057
precauzione,4058
modernizzare,4059
facciamoci,4060
w5oxjtypni,4046
stop,4061
attenzione,1405
babyshowerit,838
diceno,4062
nguardi,3546
xc2,243
xc3,5
vengono,4063
scoperchiato,4064
xc4,1406
piace,1407
mediatica,3808
da,35
eredi,4579
solito,813
fortunato,4069
governodeltradimento,4070
gogo,3195
sigef,4072
indovini,3840
propagandalive',478
x85influenza,4074
4bz4kjsgjz',4075
biossido,4076
piacere,1408
kaskati,4077
professionisti,1409
agende,4078
ottima,4079
demonio,4080
agenda,4081
linee,4082
cazzo,324
xa8favorevole,4083
subito,479
i8qlngbbn0',4084
articoli,3552
pertosse,1402
giustificazioni,4086
risultato,2440
ruote,4088
migliorano,3048
volto,4090
ruota,1410
xt6jga6dqx',4091
perfettamente,4343
volta,325
disoccupazione,3555
volte,4093
t6rgqatj10,4094
eleggere,3510
le,24
credimi,4096
oppongono,4097
oggi,177
la,14
lo,49
cuggini,4098
sporco,4099
li,119
5stelle,3438
2018,395
bonaccini,2342
2015,4103
2017,490
comodo,4104
consenso,326
titanio,3977
riconosciuta,4051
deprimermi,4106
debbano,2381
generici,4107
dal,102
auto,1413
sperimentare,4108
equilibri,4109
raramente,4110
dai,158
accusano,4111
grandissime,4112
l'aids,840
ocouitbr94',4113
condannata,1414
bio,4114
xabmio,4115
diffondere,1415
annuale,3562
appunto,1418
importante,610
camioncino,4117
insostenibilit,3867
paura,480
mette,445
frescacce,4524
fianco,3157
usciti,4120
ragazzi,4121
applicano,4122
importanti,611
x84',4123
indotto,4124
guidestones,3769
x99unico,3923
maestri,4125
situazioni,4126
indotte,4127
elettorale,1421
intervento,4128
b'vorrei,4129
reato,1422
modo,620
libertadiscelta,481
b8pj99y86,4130
trovare,1424
tranne,1510
assoluta,3065
illuminato,3749
portatori,4134
casualit,1425
fin'ora,4135
agrave,4136
servir,3759
cassandra',3566
siano,327
peccato,1426
tumori,1427
indicazioni,4139
rosso,3057
0ezrctupze',1859
',21
pensarci,3567
b'la,612
b'anche,4144
immunodepresso,4145
immunodepressi,1428
stronca,1429
x98chi,4147
7anni,4148
specialmente,3067
causa,482
vinto,3449
ricatti,3113
burke,4152
passibile,4173
informi,1431
ecc,483
capireste,3056
tempi,1432
farli,195
tempo,397
farlo,484
l'imposizione,4155
esclusione,1069
ect,4157
cosmico,4158
lavoratori,1433
grembo,4159
virologi,4160
qui,398
ditelo,4161
tentano,4350
exragcujzo',4163
ricercati,4164
circolando,4165
coperti,4166
protagonista,4167
imbecilli,645
metalli,613
aspramente,2521
fxq3gyr3ii',4169
diventa,4133
specificato,4170
livello,1435
consigliare,1978
livelli,1703
venerd,4172
nulla',4073
popolazioni,4174
interpretato,4175
b'leggo,4177
furono,1436
mantenute,2523
popolazione,505
simg,4179
date,4180
difetto,4181
inetti,4182
asili,4065
qualunque',4183
mondiale,614
estrema,4184
sguaiata,3810
etnie,4186
dimaio,842
nloro,1271
lavaggio,4187
gratuitamente,4188
miracoli,3542
voltaggabana,2355
start,4190
culla,615
data,4191
riassunto,4361
cerca,1983
potr,4192
tmrlal2sik',4193
antinfluenzale,4194
pronunciato,4195
b'questi,4196
eliminare,936
b'questo,4198
nps,4068
4npijfrzml,4200
messaggio,1858
diamo,2528
antinfluenzali,1439
b'queste,1440
pelle,844
prezzolata,4202
l'albero,3615
altrettanti,1901
quando,97
condoni,845
stress,4204
onestamente,3446
nimportiamo,1913
5u66u2etsy',4604
novaxxers,4207
ragionevole,4208
evitarli,2114
superficialit,4209
sarebbero,1441
applicabili,4210
testuggine,2566
'velenoso',4212
corretti,3294
rvlepzqbqh',4215
ben,1959
bel,846
centodiecimila,1971
cambiamenti,847
roberto,616
cambiamento,4218
probiotici,4219
giudicare,1905
provvedimento,4220
riportando,2000
b'quando,1442
l'avesse,4222
aspettiamo,4223
desideroso,3407
televisore',4015
sentendo,2024
1cialtrone,4226
identica,2948
ignorare,4229
iuhswqxybr',4230
false,1443
strombazzata,2044
botto,4231
nmagari,4232
firmatari,4233
l'inquinamento,4234
falso,617
immunologi,4532
coglione,4236
finanzia,4237
completamente,4238
coglioni,4239
zpicrt0xpi,4241
xa0discelta,988
concentrare,4243
parlare,485
b'certo,1444
degni,4244
mio,399
min,993
mia,191
cuore,4245
presenza,848
qdefxa7kh2,4246
europee,4247
mix,4248
sapeva,1000
'alleanza,4250
rabbrividisco,2157
lorenzin,255
europeo,1997
nvado,4253
stancher,4254
tagliare,4255
izcrdak2im',4256
avanzato,2176
detto,244
cerebrali,3845
infeziomo,3669
pp6axwwvj',3290
procura,4260
appoggia,4261
who,4262
camper,4263
centro,1446
pensando,1447
detta,1448
0ph51eomzs',2219
cfa9t6aq0h',4264
ionondimentico,1450
immunizzato,4289
aumentati,1451
rappresentativo,4265
ricorda,881
ottimo,4268
impariamo,4269
malox,4270
copiare,1891
solidariet,1021
staremmo,4272
obbligatoriet,1453
nprima,1454
disease,2288
medicalfacts,4274
firmate,4275
b'influenza,486
centinaia,4276
g09evfhopv',1455
capite,4277
autismo,1166
distanze,4280
fatevi,4281
capito,851
lesmo,2319
fact,2321
autismo',2273
x99informazione,4284
meraviglioso,4285
concorrenza,4286
naturale,4287
immunizzata,2348
naturali,1216
wikipedia,1999
hm,4613
rieletto,2496
relativizzano,4292
nbugiardi,853
b'non,1456
camminano,4293
pertanto,4294
piuttosto,1457
miedico,4295
forzata,4296
2013,4105
cellulari,4383
lti5x68xpf',2357
scuole,217
tira,1458
scuola,328
ingegnere,4299
varie,854
'anno,1839
inserito,3133
pena',4300
sedicente,4301
arrivata,4302
taglio,4615
adriatico,1459
x9cle,4303
piano,619
libri,1606
sena,4305
libro,1460
usciamo,4306
dopo,168
argomentiamo,4307
elettrice,2606
fattuale,4309
testare,1921
jgeunontos',4311
assl,3085
sassi,4312
dichiarazione,4313
brandolini,4618
avete,109
boria,3751
futura,4315
piddinite,2333
aggira,2005
tbc,621
portando,4317
intravedano,4318
islamico,4319
settimane,2612
fico,3843
consegnato,3191
potest,4321
rendermi,4322
bea,4323
dietro,2584
soluzioni,4325
sovranit,4326
altissime,4327
sticazzi,4328
diciamo,1462
gran,1463
oscuri,4329
terapeutico,855
x99invenzione,4278
informati,4331
totalitarismo,2624
gonfi,2625
licenziano,4334
grossi,547
strepitoso,2264
jbvhwc4cjm,4337
cdtmt921wj',4338
merito,856
mettono,703
b'hai,4339
futuro,4340
baster,4341
soprattutto,329
l'avessimo,4308
prospettive,3839
credi,4344
nonostante,4345
l'innovazione,2689
sdoganato,1464
b'villani,3597
miei,623
posso,857
globalcompactformigration,2704
denunce,1825
eh',3090
facciano,1465
dalle,330
reportage,4349
preservare,2750
mexicano,4351
possa,1120
takadbfure,4352
state,218
precedente,4353
annullare,3519
stata,858
contagiato',4354
stato,120
lui,487
smaltire,4355
'esavalente,1611
stati,245
navete,4357
aiutato,2782
sole,3599
crollo,4023
tso,4095
parlato,3711
anche,61
sinistra,1467
rispettando,4362
ue3ouawifv,2817
nazifascista,4213
job,4365
x9c',4366
avuto,246
ddl770',4367
spesi,4368
sottocutanei,4370
maga,4371
pdnetwork,2380
mantenete,4374
spesa,4375
trovo,1468
indottrinamento,1469
nrinunciare,4377
farmaci,159
noglobalcompactformigration,1139
farmaco,859
limite,860
etc,1470
complottara,4379
sopratutto,4290
l'uscita,4381
meglio',4382
ricorrere,1471
vogliamo,1144
ventennio,4384
supportate,4385
dimissioni',4386
fette,4387
tornare,861
ripete,3958
ci,44
co,11
confronto,1148
doctor33,4389
davvero,560
ce,160
avvelenarci,2558
vene,2981
raccontano,4392
ricordare,4393
vedere,400
incapaci,4394
intendevate,4395
marione',4396
bevete,4397
cs,4398
deficente,3242
cinture,3775
politico,1472
tiene,4399
nnon,489
xb3,3866
interesse,4402
sorellina,4403
sviluppo,4404
contagio,1473
grazie,178
porsi,4405
dichiararlo,4406
felice,4449
immenso,4407
ovviamente,1474
prevedeva,1519
filippo,4408
propagandalive,284
marito,4410
tecnico,2670
ingerenza,4411
allo,4412
nbenvenuto,4413
preoccuparti,4102
c',161
scienziati,401
siamo,162
restano,4415
parcheggiato,4416
dicembre,1475
x9cmanovra,4417
'attributi',4418
terreno,4419
secondariamente,4420
btjkzopaum',4421
incarna,3160
proteggermi,4422
caltagirone,4423
b'su,4424
associazione,4336
vacciniobbligatori,863
lettura,4425
encefalomielite,4426
madri,4427
multa,4428
malaffare,4637
value,1478
schifezze,1479
b'se,1198
scontato,4430
potrei,3217
battagliera,2925
rimuovendo,4433
spicci,4434
donazioni,4435
b'si,1480
inauguriamo,864
va,247
vaccinovigilanza,3240
stronzate,2517
infezioni,626
sito,627
vi,82
obbligatorie,4438
coabitazione,4439
chiamano,1449
prugne,3663
ideologie,4443
arrestare,3285
arabia,3291
partner,4446
parallelo,4447
bjaj4bdpiu',4240
compiuto,3298
reazione,2565
raccontate,1481
parte,169
marea,4451
b'https,628
l'autismo,282
obbligatorio,4638
finito,1483
qdefxzpiss,4452
perde,1701
troveremo,4454
brevissimo,3112
mancanza,997
diete,4457
fondi,4458
sfanculate,4459
samantho,4460
zorro,4461
lauracastelli,4462
collab,4463
andato,1484
b'sono,4464
essendo,866
nqualcuno,4641
gravit,4465
nlascienza,2955
liberatoria,2068
vaccinazione',4467
domanda,1485
costruiamo,4468
lobby,402
qst,4469
domande,1486
pensata,4470
creatori,4471
vario,3093
seta,4473
virologa,4143
i,8
lehzc7akw8',4475
devastante,4476
sborco,4477
b'resto,3384
cospirazioni,4479
salviamo,4480
l'ignoranza,867
terza,1488
senza,121
terzo,1489
testato,4481
con,30
cospirazione,4482
delegittimazione,4483
3vjmomjgfq',4310
xef,1490
dosi,629
pensa,491
corrono,3536
penso,630
pensi,868
dovere,1253
l'anti,4487
raggiungo,4488
momenti,2993
patria,4490
momento,631
strumenti,4491
b'basta,4492
ai6xl0uyid',4493
nparlo,4494
tortellini,3465
collaborano,3444
spieghino,4497
web,4498
spirale,4499
vivo,2269
mentali,3609
almeno,869
8sioqhecph',1843
immane,4503
sbagliati,1527
nato,870
trasfusi,4505
parlando,3622
guadagna,4507
canile,3898
sbagliato,4647
materna,3700
fate,331
l',248
checking,4509
scientifico,871
muti',3448
braghe,4511
sbandierata,4512
prese,4513
nemmeno,808
giornali,4515
ragazza,4118
teste,4516
tematiche,4517
xe2,33
innocenti,4518
prestazioni,4519
grilliparlanti,4520
giornale,4521
succede,4522
fisica,4523
periferia,4525
'aids,4526
volevano,4527
tvsei,4528
somaro,1492
somari,3006
morbillo,122
ad',4530
intervistiamo,3625
necessari,944
nquando,1430
ohh',4534
paga,492
multinazionali,632
crisi,4535
v8aqczrmr4,4006
partire,1493
battaglia,633
credibilit,4537
soglia,4538
vaxxed,4235
approssimativi,4540
b'fulvio,4541
twitter,1494
crispr,4542
congresso,1495
voltafaccia,1496
l'omosessualit,3420
libretto,1349
110,872
sull'aids,3851
incontrovertibile,4546
motivo,3860
copre,3862
facoltativo,4549
invaderci,4550
b'quella,4551
iononcisonomaicascato',873
famiglie,472
pettinare,4552
lead,1360
nvaccinexit,4553
fanno,92
utilizzando,4554
sicuramente,874
contratto,634
contratti,3918
setta,3927
legate,4557
leader,1498
confesso,4376
auspica,4559
compensare,4556
evitare,283
giocando,4561
elettorali,4562
nido,3804
delegittimando,829
riconoscete,1499
interessate,4564
otuwl6kfgv',4565
paese,875
sfiducia,3991
vaccata,2766
scimmiette,4569
terra,163
xa81,1792
proteine,2576
viaggi,4571
paesi,607
ndi,1393
notizia,1502
inizio,4573
parlavano,2155
lettone,4575
comunit,4576
cattolica,4577
permetti,1503
quarantena,1504
'autopsia,4578
naggiunga,4067
notizie,1423
permette,4581
emotivi,4583
sudditanza,4584
piedi,2835
infermieri,1505
stanno,285
diventando,2639
sgarbi,4587
dubbio,332
luna,404
termini,1506
dorem,4588
risaputo,3568
olbia,4591
funzionano,2678
banco,1507
termine,876
triestini,4593
escludo,4594
vai,1508
escludi,4595
30t14,4441
accettati,4501
siccome,4598
gruppo,1509
petardo,4599
ricerche,877
alzano,878
quante,2524
decreti,4601
vax,249
genitore,4602
finanziamenti,4603
decreto,635
'entrano,4206
quanto,192
luminari,4605
quanti,879
nhands,3902
genitori,494
ricordo,880
ragionevolezza,4544
y1kw4eqlzt',4606
gomblotto,1054
ricordi,1512
approvava,4607
attribuire,4608
x99era,4609
dall'alluminio,4291
possiamo,1123
taglia,1513
influenzale,3640
capiscono,4273
b'quello,4612
ho,110
matematica,1514
dell',2312
ultimi,882
ha,45
provocano,618
farvi,3249
fq1ndduzbt,3984
bue,4304
rtsho69ekr',3791
simili,4543
pi,48
fascismo,1515
votarvi,4620
dagli,1516
esponenti,4621
delucidazioni,4668
coraggio,4623
caciara,3023
comprensione,4625
denaro,4626
tema,286
rivoluzione,4628
starnuto,4629
complottisti,4630
temi,1518
mentite,4631
detrattori,4632
pil,862
periodo,4634
provocare,4635
sentito,1081
nricordo,1520
iu2fn0qyxi,4636
mancano,1521
vostri,287
irreparabili,1477
obbligatoria,883
dimissionate,4197
vostro,495
nazionale,1522
vostra,1523
assoluto,4153
biologiche,1524
vostre,1482
o8f7bbopps',3710
zzplu5qu4h',3134
integrare,1525
revocati,4138
informazioneliberapress,4642
attrezzi,4643
strumento,4644
obolodicittadinanza,2335
hpv,333
40,1526
familiari,4646
mettere,302
scie,87
disse,1491
auguri',2263
composto,4649
conferenze,4380
guadagni,4651
assunti,1528
bubu,2592
x99inizio,2997
informano',4654
3genmyvzoy',4154
nl3zjbyhvq,4656
agli,884
scimmie,4657
tassi,4658
milioni,334
dichiaravate,4140
insulti,4582
capisci,3309
finanziamento,4660
x99argomento,3998
dappertutto,4146
ragionamento,4663
contagiosi,4664
milione,1529
stai,885
mantengono,4665
rarissimi,4666
riuscite,4667
mondialismo,4622
buon,650
sempre,219
problematica,4670
buttarla,4672
paragonata,4673
blu,4674
dqkvvk5tta',4675
domani,1531
news',4676
scrivendo,1532
parole,1533
abolito,4677
esprime,4678
